{"cameraMode":{"drawMode":0,"name":"Shaded","section":"Shading Mode"},"sceneLighting":false,"audioPlay":false,"sceneViewState":{"m_AlwaysRefresh":false,"showFog":true,"showSkybox":false,"showFlares":true,"showImageEffects":true,"showParticleSystems":true,"showVisualEffectGraphs":true,"m_FxEnabled":true},"in2DMode":false,"pivot":{"x":-1.0206730365753174,"y":3.1519694328308107,"z":-1.155043125152588},"rotation":{"x":0.011004936881363392,"y":-0.9149402379989624,"z":0.024990903213620187,"w":0.40268200635910036},"size":2.42655611038208,"orthographic":false}