{"cameraMode":{"drawMode":0,"name":"Shaded","section":"Shading Mode"},"sceneLighting":true,"audioPlay":false,"sceneViewState":{"m_AlwaysRefresh":false,"showFog":true,"showSkybox":true,"showFlares":true,"showImageEffects":true,"showParticleSystems":true,"showVisualEffectGraphs":true,"m_FxEnabled":true},"in2DMode":false,"pivot":{"x":326.80560302734377,"y":-265.20550537109377,"z":2307.1552734375},"rotation":{"x":0.11527843028306961,"y":-0.002084543230012059,"z":0.00024034286616370082,"w":0.9933428168296814},"size":1562.2728271484375,"orthographic":false}